POSTCODE,LONGITUDE,LATITUDE,ADDRESSLINE1,ADDRESSLINE2,POSTCODE2,TELEPHONE,DESCRIPTION,TITLE,SUBCATEGORY,Start date,,
AB10 1UQ,-2.121112,57.144617,Barnardo's,20 Carden Place,AB10 1UQ,01224 624090,Aberdeen Office,AB10 1UQ,Complete,29/09/2014,,
AB10 1UQ,-2.121112,57.144617,Barnardos,20 Carden Place,AB10 1UQ,01224 624090,Barnardo's Scotland Fostering - Aberdeen,AB10 1UQ,Complete,29/09/2014,,08/01/2015
AB10 1UQ,-2.121112,57.144617,Barnardo's,20 Carden Place,AB10 1UQ,01224 624090,BAYI (Barnardo's Aberdeenshire Youth Initiative),AB10 1UQ,Complete,29/09/2014,,
AB10 1UQ,-2.121112,57.144617,Barnardo's,20 Carden Place,AB10 1UQ,01224 624090,Connect Aberdeen,AB10 1UQ,Complete,29/09/2014,,
AB10 1UQ,-2.121112,57.144617,Barnardos,20 Carden Place,AB10 1UQ,01224 624090,New Directions Project,AB10 1UQ,Complete,29/09/2014,,
AB24 5RE,-2.087707,57.162279,Linksfield Residential Service,165 Linksfield Road,AB24 5RE,01224 637075,Linksfield Residential,AB24 5RE,Complete,30/09/2014,,
B27 7QA,-1.83545,52.438881,Fox Hollies Childrens Centre,419 Fox Hollies Road,B27 7QA,0121 675 5472,FAYS Locality Children's Centre,B27 7QA,Complete,19/08/2014,,
B43 5RR,-1.935656,52.540636,Eastwood Road,,B43 5RR,0121-357-3326,Great Barr and Hampstead Children’s Centre,B43 5RR,Complete,01/09/2014,,
B63 2UX,-2.090189,52.460365,Barnardos - Blantyre House,4 Barrack Lane,B63 2UX,01384 411722,Dudley Community R.O.U.T.E.S,B63 2UX,Complete,20/08/2014,,
B63 3AB,-2.048437,52.448029,Midlands Region Office,Great Cornbow,B63 3AB,,Midlands Regional Office,B63 3AB,Complete,27/08/2014,,
B63 3AB,-2.048437,52.448029,Midlands Region Office,Great Cornbow,B63 3AB,,Midlands Work Programme,B63 3AB,Complete,25/04/2014,,
B63 3AB,-2.048437,52.448029,Brooklands,Great Cornbow,B63 3AB,0121 5505271,Midlands Overnight Short Breaks,B63 3AB,Complete,24/09/2014,,
B7 4PS,-1.87941,52.49068,Barnardos Amazon,40 Rupert Street,B7 4PS,0121 359 5333,Amazon,B7 4PS,Complete,21/08/2014,,
B7 4PS,-1.87941,52.49068,Barnardos,40 Rupert Street,B7 4PS,0121-359-5333,Arch,B7 4PS,Complete,21/08/2014,,
B7 4PS,-1.87941,52.49068,Barnardos,40 Rupert Street,B7 4PS,0121 359 5333,Birmingham Space,B7 4PS,Complete,21/08/2014,,
B7 4PS,-1.87941,52.49068,Barnardos,40 Rupert Street,B7 4PS,0121 359 5333,Harris House,B7 4PS,Complete,21/08/2014,,
B7 4PS,-1.87941,52.49068,Barnardos,40 Rupert Street,B7 4PS,0121 359 5333,Think Family,B7 4PS,Complete,21/08/2014,,
B71 3DJ,-1.980155,52.540957,Connor Rd,,B71 3DJ,0121 588 5431,Hillside Children’s Centre,B71 3DJ,Complete,26/08/2014,,
B77 2ED,-1.663812,52.621966,Barnardos,62 Caledonian,B77 2ED,01827 286643,SMART Project,B77 2ED,Scheduled,27/01/2015,,
B90 1BT,-1.851814,52.406071,Mill Lodge CC,Aqueduct Road,B90 1BT,0121 248 7646,Mill Lodge Children’s Centre,B90 1BT,Complete,29/08/2014,,
B92 7DJ,-1.812355,52.424939,Langley CC,St Bernards Road,B92 7DJ,0121 248 7646,Langley Children's Centre,B92 7DJ,Complete,29/08/2014,,
B92 8RZ,-1.785094,52.436238,Lyndon CC,Rodney Road,B92 8RZ,0121 248 7646,Lyndon Children's Centre,B92 8RZ,Complete,29/08/2014,,
B98 8NN,-1.92511,52.30785,Redditch wheels,The Brook Building (Rear of the building),B98 8NN,01527 592621,Redditch Wheels,B98 8NN,Complete,26/08/2014,,
BB1 3HQ,-2.459824,53.749781,c/o Barnardos EOC,Suite 9 Blackburn Enterprise Centre,BB1 3HQ,01254 504930,Blackburn,BB1 3HQ,Scheduled,19/01/2015,,
BB1 3HQ,-2.459824,53.749781,Barnardos,Suite 12 Blackburn Enterprise Centre,BB1 3HQ,01254 504930,Lancashire Young Carers Service,BB1 3HQ,Scheduled,19/01/2015,,
BB10 1PD,-2.243922,53.80117,Room C102,Northbridge House,BB10 1PD,01282 792395,East Lancashire Services,BB10 1PD,Scheduled,23/01/2015,,
BB9 7LG,-2.215517,53.83697,Nelson Town Hall,Policy Unit,BB9 7LG,01282 615347,Pendle Borough Town Hall,BB9 7LG,Scheduled,19/01/2015,,
BD10 8SD,-1.735532,53.826043,West Yorkshire Police,Javelin House,BD10 8SD,01274 618421,Turnaround,BD10 8SD,Complete,24/10/2014,,
BD15 7NQ,-1.8214,53.800415,Barnardos,91 Saffron Drive,BD15 7NQ,01274 545186,Sophia Alim,BD15 7NQ,Complete,30/10/2014,,
BD15 7NQ,-1.8214,53.800415,Barnardos,91 Saffron Drive,BD15 7NQ,01274 545186,Sophia Alim,BD15 7NQ,Complete,30/10/2014,,
BD8 7BS,-1.763391,53.807702,Barnardos,Queens House,BD8 7BS,0870 2408342,Adoption Fostering and Short Breaks Queens Rd,BD8 7BS,Complete,15/10/2014,,
BD8 7BS,-1.763391,53.807702,Queens House,Queens Road,BD8 7BS,01274 481 183,Bradford Parent Partnership,BD8 7BS,Complete,15/10/2014,,
BD8 7BS,-1.763391,53.807702,Barnardos,Queens House,BD8 7BS,01274 481183,Bradford Young Carers,BD8 7BS,Complete,15/10/2014,,
BD8 7BS,-1.763391,53.807702,Barnardos,Queens House,BD8 7BS,1274481183,Queens Road Service,BD8 7BS,Complete,15/10/2014,,
BH3 7ND,-1.874124,50.7373,59 Stokewood Road,Winton,BH3 7ND,,Stokewood Children's Centre,BH3 7ND,Complete,30/09/2014,,
BH8 9PU,-1.858122,50.747821,Queens Park Childrens Centre,East Way,BH8 9PU,,Queens Park Central Westbourne and Westcliffe CCs,BH8 9PU,Complete,09/10/2014,,
BL9 6LD,-2.273677,53.599907,Flat 3,Rachel House,BL9 6LD,0161 763 6262,Homelessness - Rachel House,BL9 6LD,Scheduled,22/01/2015,,
BL9 9SH,-2.294366,53.572066,521 Manchester Road,,BL9 9SH,0161 766 9262,MyPad,BL9 9SH,Scheduled,22/01/2015,,
BN41 2PA,-0.220694,50.843785,55 Drove Road,Portslade,BN41 2PA,01273 295179,Brighton and Hove Link Plus,BN41 2PA,Complete,18/09/2014,,
BS13 9AQ,-2.614093,51.411381,Barnardos,New Fulford Family Centre 237-239,BS13 9AQ,0117 9782441,Bristol Family Support,BS13 9AQ,Complete,05/09/2014,,
BS13 9AQ,-2.614093,51.411381,Barnardos,New Fulford Family Centre 237-239,BS13 9AQ,0117 9782441,Bristol Locality Service - South Team,BS13 9AQ,Complete,05/09/2014,,
BS16 3RY,-2.525324,51.47684,Barnardo's South West Regional Office,Verona House,BS16 3RY,0117 9375507,Barnardo's Fostering and Adoption South West,BS16 3RY,Complete,02/09/2014,,
BS16 3RY,-2.525324,51.47684,Barnardo's South West Regional Office,Verona House,BS16 3RY,0117 9375507,South West Regional Office,BS16 3RY,Complete,02/09/2014,,
BS16 3RY,-2.525324,51.47684,Barnardos,Verona House,BS16 3RY,01749 330533,South West Revolution,BS16 3RY,Complete,02/09/2014,,
BS2 0EZ,-2.581148,51.456381,38-39 Old Market Street,,BS2 0EZ,0117 9349726,Bristol BASE Project,BS2 0EZ,Complete,08/09/2014,,
BT1 1LT,-5.9292,54.6005,Dr B's Kitchen,9 Bridge Street,BT1 1LT,02890 321213,B Up 4 Work,BT1 1LT,Complete,09/12/2014,,
BT1 1LT,-5.9292,54.6005,Dr B's Kitchen,9 Bridge Street,BT1 1LT,02890 321213,Dr B's Kitchen,BT1 1LT,Complete,09/12/2014,,
BT20 3DE,-5.6762,54.6586,40 Manse Road,,BT20 3DE,028 9127 1538,Pharos Bangor,BT20 3DE,Scheduled,26-Jan-15,,
BT20 3DE,-5.6762,54.6586,40 Manse Road,,BT20 3DE,2891271538,Simpson Family Resource Centre,BT20 3DE,Scheduled,26-Jan-15,,
BT32 4AA,-6.269,54.3537,Barnardos,10 Church Street,BT32 4AA,2840628758,Nova Project,BT32 4AA,Scheduled,27-Jan-15,,
BT32 4AA,-6.269,54.3537,Barnardos,10 Church Street,BT32 4AA,2840628758,Pharos Banbridge,BT32 4AA,Scheduled,27-Jan-15,,
BT32 4AA,-6.269,54.3537,Barnardos,10 Church Street,BT32 4AA,2840628758,Willowgrove Admin,BT32 4AA,Scheduled,27/01/2015,,
BT32 4HZ,-6.25999,54.34513,10 Church Street,,BT32 4HZ,028 40 623 872,Willowgrove Residential Unit,BT32 4HZ,Scheduled,22/01/2015,,
BT34 2BX,-6.337139,54.172582,15,ST Colemans Park,BT34 2BX,2830263135,Newry Young People’s Partnership,BT34 2BX,Scheduled,27/01/2015,,
BT35 6DY,-6.3437,54.1826,Lisdrum House,Chequer Hill,BT35 6DY,2830260668,Newry Family Resource Centre,BT35 6DY,Scheduled,19/01/2015,,
BT37 9AD,-5.909727,54.659445,Newtownabbey Community High School,Rathcoole Drive,BT37 9AD,02890 364688/364076,Newtownabbey Family Connections,BT37 9AD,Scheduled,19/01/2015,,
BT38 8JJ,-5.815286,54.72106,Horizon SureStart,c/o Sunnylands Primary School,BT38 8JJ,028 93 359734,Horizon Sure Start,BT38 8JJ,Scheduled,22/01/2015,,
BT4 2AW,-5.8589,54.6014,230c Belmont Road,,BT4 2AW,028 90658105,Adolescent Fostering Partnership,BT4 2AW,Complete,03/12/2014,,
BT4 2AW,-5.8589,54.6014,230c Belmont Road,,BT4 2AW,028 90658105,Childrens House Under 12's,BT4 2AW,Complete,03/12/2014,,
BT4 2AW,-5.8589,54.6014,230c Belmont Road,,BT4 2AW,028 90658105,Childrens House Under 12's - Support Staff c/o,BT4 2AW,Complete,03/12/2014,,
BT4 2AW,-5.8589,54.6014,230b Belmont Road,,BT4 2AW,02890 652288,Domestic Violence Practice Developement,BT4 2AW,Complete,03/12/2014,,
BT4 2AW,-5.8589,54.6014,230b Belmont Road,,BT4 2AW,028 9065 8511,Professional Fostercare,BT4 2AW,Complete,03/12/2014,,
BT4 2AW,-5.8589,54.6014,230b Belmont Road,,BT4 2AW,028 9065 8511,Safe Choices Northern Ireland,BT4 2AW,Complete,03/12/2014,,
BT4 2AW,-5.8589,54.6014,230b Belmont Road,,BT4 2AW,29 9065 8511,Choices For Children Project,BT4 2AW,Complete,03/12/2014,,
BT4 2AW,-5.8589,54.6014,230b Belmont Road,,BT4 2AW,30 9065 8511,NI National Office Work c/o,BT4 2AW,Complete,03/12/2014,,
BT4 3HE,-5.8515,54.5947,Barnardos,542-544 Upper Newtownards Road,BT4 3HE,2890672363,All Stars,BT4 3HE,Complete,10/12/2014,,
BT4 3HE,-5.8515,54.5947,Barnardos,542-544 Upper Newtownards Road,BT4 3HE,2890672364,Lifeskills Training,BT4 3HE,Complete,10/12/2014,,
BT4 3HE,-5.8515,54.5947,Barnardos,542-544 Upper Newtownards Road,BT4 3HE,2890672365,Northern Ireland National Office,BT4 3HE,Complete,10/12/2014,,
BT4 3HE,-5.8515,54.5947,Barnardos,542-544 Upper Newtownards Road,BT4 3HE,2890672366,PATHS,BT4 3HE,Complete,10/12/2014,,
BT45 5AY,-6.614,54.7553,36a Westland Road,,BT45 5AY,028 79631344,Choices Family Support,BT45 5AY,Scheduled,29/01/2015,,
BT45 5AY,-6.614,54.7553,36a Westland Road,,BT45 5AY,028 79631344,Time 4 Me Northern and Western,BT45 5AY,Scheduled,29/01/2015,,
BT45 5AY,-6.614,54.7553,36a Westland Road,,BT45 5AY,028 79631344,Young Carers Services,BT45 5AY,Scheduled,29/01/2015,,
BT5 7EH,-5.8397,54.5892,Tullycarnet Family Project,Kings Road,BT5 7EH,028 9041 9069,East Belfast Family Connections,BT5 7EH,Complete,08/12/2014,,
BT61 7DX,-6.656,54.3495,15 Abbey Street,,BT61 7DX,028 37510122,Armagh Young People’s Partnership,BT61 7DX,Complete,02/12/2014,,
BT61 7DY,-6.658381,54.349093,The Doctor's House,39 Abbey Street,BT61 7DY,028 3752 2380,Armagh and Dungannon Family Resource Centre,BT61 7DY,Complete,02/12/2014,,
BT61 7DY,-6.658381,54.349093,The Doctor's House,39a Abbey Street,BT61 7DY,028 3752 8102,Family Group NI Conference,BT61 7DY,Complete,02/12/2014,,
BT61 9DR,-6.6435,54.350462,Grange Building,Towerhill,BT61 9DR,2837414541,Disabled Childrens and Young People's Project,BT61 9DR,Scheduled,23/01/2015,,
BT7 2FZ,-5.9198,54.5785,Barnardos,234 Ormeau Road,BT7 2FZ,028 9064 6515,Leaving Care - Admin Base,BT7 2FZ,Scheduled,20/01/2015,,
BT7 2FZ,-5.9198,54.5785,Barnardos,234 Ormeau Road,BT7 2FZ,028 90644335,Parenting Matters NI,BT7 2FZ,Scheduled,20/01/2015,,
BT7 2FZ,-5.9198,54.5785,234 Ormeau Road,,BT7 2FZ,028 90644335,School Based Interventions Service,BT7 2FZ,Scheduled,20/01/2015,,
BT7 2FZ,-5.9198,54.5785,Barnardos,234 Ormeau Road,BT7 2FZ,2890645425,Schools Programme,BT7 2FZ,Scheduled,20/01/2015,,
BT7 2FZ,-5.9198,54.5785,Barnardos,234 Ormeau Road,BT7 2FZ,2890645425,Time4Me School-based Counselling and Support,BT7 2FZ,Scheduled,20/01/2015,,
BT80 8PE,-6.744195,54.643573,Surestart Loy Buildings,18 Loy Street,BT80 8PE,028 86769994,G-Old Community Partnership,BT80 8PE,Scheduled,23/01/2015,,
BT82 9BT,-7.4724,54.8226,Sure Start,2a Melmount Road,BT82 9BT,02871 382658,Strabane Family Centre,BT82 9BT,Scheduled,28/01/2015,,
BT82 9BT,-7.4724,54.8226,Sure Start,2a Melmount Road,BT82 9BT,02871 382658,Young Carers Service (Strabane),BT82 9BT,Scheduled,28/01/2015,,
BT9 6EE,-5.9482,54.5808,Barnardos Tuar Ceatha Services,23 Windsor Avenue,BT9 6EE,028 9066 8766,Tuar Ceatha,BT9 6EE,Complete,01/12/2014,,
BT9 6EE,-5.9482,54.5808,Barnardos Family Resource Centre,23 Windsor Avenue,BT9 6EE,028 90668333,Pharos Belfast,BT9 6EE,Complete,01/12/2014,,
BT9 6EE,-5.9482,54.5808,23 Windsor Avenue,,BT9 6EE,2890668333,Windsor Avenue Family RC Project,BT9 6EE,Complete,01/12/2014,,
BT9 6EE,-5.9482,54.5808,Barnardos P A C T,25 Windsor Avenue,BT9 6EE,2890682286,Child Bereavement Scheme - B'fast,BT9 6EE,Complete,01/12/2014,,
CA1 3BX,-2.908026,54.872517,Carlisle South Sure Start Children's Centre,,CA1 3BX,01228 593810,Carlisle South Children's Centre,CA1 3BX,Complete,12/12/2014,,
CA11 8ET,-2.749078,54.662395,The Regent,Old London Road,CA11 8ET,1768899022,North Eden Children’s Centre,CA11 8ET,Complete,05/12/2014,,
CA13 0PN,-3.406693,54.686974,Barnardos,Dovenby Hall,CA13 0PN,0845 8949509,Cumbria Support Team - Dovenby Hall,CA13 0PN,Complete,08/12/2014,,
CA16 6TX,-2.485431,54.58097,Appleby Primary School,Station Road,CA16 6TX,08455 436915,Eden - Appleby Children's Centre,CA16 6TX,Scheduled,19/01/2015,,
CA2 6JP,-2.96365,54.885829,Carlisle West Childrens Centre,Wigton Road,CA2 6JP,01228 223417,Carlisle West Children's Centre,CA2 6JP,Complete,08/12/2014,,
CA6 5UG,-2.966822,55.010359,Carlisle Rural Sure Start,,CA6 5UG,01228 792130,Carlisle Rural - Longtown and Bewcastle,CA6 5UG,Complete,11/12/2014,,
CA7 9SA,-3.175444,54.823823,10-12 Wampool Place,,CA7 9SA,1900819190,North Allerdale Surestart Children's Centre,CA7 9SA,Complete,09/12/2014,,
CF11 6LP,-3.191109,51.480454,Barnardos,7a Neville Street,CF11 6LP,029 2022 9585,Neville Street Service,CF11 6LP,Complete,20/10/2014,,
CF23 5BX,-3.163214,51.495121,44-46 Marlborough Road,,CF23 5BX,029 2049 7531,Marlborough Road Partnership,CF23 5BX,Complete,16/10/2014,,
CF23 5BX,-3.163214,51.495121,44-46 Marlborough Road,,CF23 5BX,029 2049 7531,Seraf Service - Marlborough Road,CF23 5BX,Complete,16/10/2014,,
CF24 5TD,-3.160634,51.476929,Barnardo's Adoption and Fostering Service,Trident Court,CF24 5TD,029 20493387,BCAFS  South,CF24 5TD,Complete,13/10/2014,,
CF24 5TD,-3.160634,51.476929,Barnardo's Adoption and Fostering Service,Trident Court,CF24 5TD,029 20493387,Cymru National Office,CF24 5TD,Complete,13/10/2014,,
CF33 6BJ,-3.685753,51.52646,Davian House,Village Farm Industrial Estate,CF33 6BJ,01656 749235,Taith,CF33 6BJ,Complete,30/10/2014,,
CF37 2DS,-3.339289,51.606019,21 Morgan Street,,CF37 2DS,01443 402 089,Community Support for Offenders Families,CF37 2DS,Complete,22/10/2014,,
CF37 2DS,-3.339289,51.606019,21 Morgan Street,,CF37 2DS,01443 402 089,RCT Young Person’s Advisory Service,CF37 2DS,Complete,22/10/2014,,
CF47 8UN,-3.376433,51.750142,Barnardos Merthyr Partnership,56 High Stree,CF47 8UN,01685 382422,Merthyr Partnership,CF47 8UN,Complete,04/11/2014,,
CF47 9AF,-3.374965,51.755707,PR Unit,Alexander Avenue,CF47 9AF,01685 725173,Merthyr Family Support Service,CF47 9AF,Complete,05/11/2014,,
CF47 9TG,-3.370477,51.764409,Park Baptist Church Sunday School,10th Avenue,CF47 9TG,01685 376521,"Merthyr Flying Start
(SELF INSTALL - NO KELWAY ENGINEERS)",CF47 9TG,Complete,10/11/2014,,
CF5 4LE,-3.244255,51.48126,Barnardos Ely Family Centre,Grand Avenue,CF5 4LE,029 20577074,Ely Families,CF5 4LE,Complete,28/10/2014,,
CF5 5BS,-3.23436,51.48289,Unit 1,Cowbridge Court,CF5 5BS,029 2057 1910,Community Links Project,CF5 5BS,Complete,06/11/2014,,
CF5 5BS,-3.23436,51.48289,Unit 1,Cowbridge Court,CF5 5BS,029 2057 1910,Ely Family Services,CF5 5BS,Complete,06/11/2014,,
CF83 2BW,-3.246405,51.588519,Variety Club,Family Centre,CF83 2BW,2920852550,Variety Club Family Centre,CF83 2BW,Complete,24/10/2014,,
CH45 8RE,-3.081168,53.419997,Action with Young Carers Wirral,St Mary's Building/Solar Campus,CH45 8RE,0151 637 6173,Wirral Services,CH45 8RE,Scheduled,28/01/2015,,
CH7 1BH,-3.143729,53.168758,82-84 High Street,,CH7 1BH,01352 755422,Flintshire Services - Mold,CH7 1BH,Complete,24/11/2014,,
CM12 0GH,0.409983,51.64076,Rosebay Avenue,,CM12 0GH,01277 659 589,Sunnyside Childrens Centre (BAS 11),CM12 0GH,Complete,03/09/2014,,
CM12 9AB,0.415595,51.622901,Billericay Library,143 High Street,CM12 9AB,01277 659 589,Billericay Childrens Centre (BAS1),CM12 9AB,Complete,02/09/2014,,
CM15 9NG,0.287763,51.63558,Larchwood Primary School,Larchwood Gardens,CM15 9NG,01277 374 912,Larchwood Children Centre (BRE1),CM15 9NG,Complete,03/09/2014,,
CO1 1PB,0.896634,51.888058,Barnardos,54 Head Street,CO1 1PB,01206 562 438,Adoption Services South East - Colchester,CO1 1PB,Complete,18/08/2014,,
CO1 1PB,0.896634,51.888058,Barnardos,54 Head Street,CO1 1PB,01206 362540,LINK Adoption Support Services,CO1 1PB,Complete,18/08/2014,,
CO11 1ER,1.076945,51.945302,Mistley Health Clinic,New Road,CO11 1ER,01206 395284,Manningtree Childrens Centre (TEN6),CO11 1ER,Complete,21/08/2014,,
CO12 3NS,1.286583,51.939011,Noah's Nursery,Barrack Lane,CO12 3NS,01255 508 040,Harwich Childrens Centre (Ten 7),CO12 3NS,Complete,21/08/2014,,
CO12 5EL,1.226391,51.926574,Two Village Primary School,Mayes Lane,CO12 5EL,01255 887 900,Windmill Childrens Centre (TEN8),CO12 5EL,Complete,20/08/2014,,
CO14 8AW,1.271578,51.848388,13 Old Pier Street,,CO14 8AW,01255 850 859,Rainbow Childrens Centre (TEN5),CO14 8AW,Complete,21/08/2014,,
CO15 2EX,1.11819,51.774633,Hemmington House,51-53 Broadway,CO15 2EX,1206,Hemmington Childrens Centre,CO15 2EX,Complete,21/08/2014,,
CO15 3TB,1.154333,51.796216,Unit 4,30 Oxford Road,CO15 3TB,01255 222 503,Holland Valley Childrens Centre (TEN9),CO15 3TB,Complete,21/08/2014,,
CO15 4US,1.154385,51.817513,Chingford Avenue,,CO15 4US,01255 224 119,Sydney House Childrens Centre (TEN1),CO15 4US,Complete,20/08/2014,,
CO2 8NN,0.903847,51.868193,School Road,,CO2 8NN,01206 578978,Berechurch Childrens Centres (COL4),CO2 8NN,Complete,19/08/2014,,
CO2 9BG,0.877116,51.875253,Srub End Community Centre,Boadicea Way,CO2 9BG,01206 216 405,Shrub End Childrens Centre (COL6),CO2 9BG,Complete,21/08/2014,,
CO3 0QG,0.84182,51.880051,Stanway Fiveways Primary School,Winstree Road,CO3 0QG,01206 216240,Little Hands Childrens Centre (COL11),CO3 0QG,Complete,26/08/2014,,
CO3 9BE,0.852203,51.884071,King George V Pavilion,Clairmont Road,CO3 9BE,01206 560 210,Discovery Childrens Centre (COL10),CO3 9BE,Complete,26/08/2014,,
CO4 3DH,0.929044,51.895547,Harwich Road,,CO4 3DH,01206 865 555,St Annes and Castle Childrens Centre (COL2),CO4 3DH,Complete,26/08/2014,,
CO4 3QE,0.936914,51.891394,Greenstead Community Centre,Hawthorn Avenue,CO4 3QE,01206 861950,Greenstead Children Centre (COL1),CO4 3QE,Complete,22/08/2014,,
CO4 5XT,0.900413,51.907148,Queen Boudica Primary School,Cowper Crescent,CO4 5XT,01206 854920,Beehive Childrens Centre (COL9),CO4 5XT,Complete,27/08/2014,,
CO4 9FF,0.918123,51.919031,The Ark Highwoods Methodist Church,2 Gavin Way,CO4 9FF,01206 845 557,Highwoods Childrens Centre (COL3),CO4 9FF,Complete,26/08/2014,,
CO7 0AQ,1.02849,51.810347,YMCA,55 High Street,CO7 0AQ,01206 305 536,Colne Children’s Centre (Brightlingsea),CO7 0AQ,Complete,26/08/2014,,
CV11 4JJ,-1.458455,52.516446,Barnardos,68-74 Attleborough Road,CV11 4JJ,024 76 641206,Albion Court,CV11 4JJ,Complete,22/09/2014,,
CV11 4JJ,-1.458455,52.516446,Barnardos Albion Court,68-74 Attleborough Road,CV11 4JJ,024 76 641206,Coventry and Warwickshire CRS,CV11 4JJ,Complete,22/09/2014,,
CV11 4JJ,-1.458455,52.516446,Barnardos,68-74 Attleborough Road,CV11 4JJ,02476 356052,Get Ready Personal Advisors,CV11 4JJ,Complete,22/09/2014,,
DD1 1JU,-2.975625,56.464967,Barnardos Family Support Team,14 Dudhope Street,DD1 1JU,01382 224924,Dundee Family Support Team,DD1 1JU,Complete,24/09/2014,,
DD2 2LQ,-2.994438,56.462608,Barnardo's  Family Services Dundee,3 Fleuchar Street,DD2 2LQ,01382 432631,Family Services Dundee,DD2 2LQ,Complete,22/09/2014,,
DD2 2LQ,-2.994438,56.462608,Barnardo's Family Services Dundee,3 Fleuchar Street,DD2 2LQ,01382 432631,SPACE Project,DD2 2LQ,Complete,22/09/2014,,
DD3 6HG,-2.983583,56.466441,Barnardos,1 Dudhope Terrace,DD3 6HG,01382 221944,Barnardo's Works Dundee,DD3 6HG,Complete,24/09/2014,,
DD3 6HG,-2.983583,56.466441,Barnardos Works Dundee,1 Dudhope Terrace,DD3 6HG,01382 221944,Dundee Office,DD3 6HG,Complete,24/09/2014,,
DE21 7NF,-1.408903,52.914796,Barnardos East Midlands Family Placement,The Old Exchange,DE21 7NF,01332 544711,East Midlands Family Placement,DE21 7NF,Complete,19/09/2014,,
DE21 7NF,-1.408903,52.914796,Barnardos East Midlands Family Placement,The Old Exchange,DE21 7NF,01332 544711,Midlands Region Sub-Office,DE21 7NF,Complete,19/09/2014,,
DE75 7EB,-1.353779,53.012367,Barnardos,9 Mundy Street,DE75 7EB,01773 717212,Leaving Care Services Derbyshire - Heanor,DE75 7EB,Scheduled,28/01/2015,,
DE75 7EB,-1.353779,53.012367,Barnardos,9 Mundy Street,DE75 7EB,01773 717212,South Derbyshire and South Dales FSS,DE75 7EB,Scheduled,28/01/2015,,
DH2 1AN,-1.58689,54.87153,Barnardo's,1 Lumley Court,DH2 1AN,0191 492 9000,Barnardo's Fostering and Adoption North East,DH2 1AN,Complete,10/11/2014,,
DL1 5PW,-1.55538,54.524026,Pease House,12a Horsemarket,DL1 5PW,01325 406024,CATE (SELF INSTALL - NO KELWAY ENGINEERS),DL1 5PW,Complete,10/11/2014,,
DN2 6AY,-1.109704,53.520202,Doncaster School & College for the Deaf,Leger Way,DN2 6AY,01302 366680,Doncaster Young Carers,DN2 6AY,Complete,05/11/2014,,
DN31 2AW,-0.09464,53.563091,Barnardos Keyworker Service,11 Dudley Street,DN31 2AW,01472 324930,Parent Partnership Service,DN31 2AW,Complete,18/11/2014,,
DY1 1JB,-2.088439,52.511888,Barnardos,Trinity House,DY1 1JB,01384 458585,West Midlands Family Placement Services,DY1 1JB,Complete,18/08/2014,,
DY10 3ED,-2.226262,52.381781,Brookside Childrens Centre,Borrington Road,DY10 3ED,01562 827207,Brookside Children's Centre,DY10 3ED,Complete,14/07/2014,,
DY12 1BL,-2.305436,52.373466,Riverside Children's Centre,Stourport Road,DY12 1BL,01299 409169,Riverside Children's Centre,DY12 1BL,Complete,16/07/2014,,
DY13 0EL,-2.289792,52.328564,Half Crown Wood Childrens Centre,St. Bartholomews C of E Primary School,DY13 0EL,01299 877920,Half Crown Wood Children’s Centre,DY13 0EL,Complete,16/07/2014,,
E1 3JX,-0.048585,51.520532,The Hub Construction Skills Centre,The Rosalind Green Hall,E1 3JX,020 7790 4621,The Hub Construction Skills Centre,E1 3JX,Scheduled,02/02/2015,,
E17 3AG,-0.017714,51.585112,Barnardos,12 Church Hill,E17 3AG,020 8509 3432,Adoption Services South East - Walthamstow,E17 3AG,Scheduled,17/02/2015,,
E17 3AG,-0.017714,51.585112,Barnardos,12 Church Hill,E17 3AG,020 8509 3432,Waltham Forest Children's Rights,E17 3AG,Scheduled,17/02/2015,,
E3 3EN,-0.015319,51.528076,95 Bromley High Street,,E3 3EN,020 8983 7973,Bow Childcare Tudor Lodge,E3 3EN,Scheduled,02/02/2015,,
E3 3EN,-0.015319,51.528076,95 Bromley High Street,,E3 3EN,020 8983 7973,Bow Nurseries - Pre School,E3 3EN,Scheduled,02/02/2015,,
E9 7BW,-0.040905,51.538578,17 Iveagh Close,,E9 7BW,0208 525 7090,Bow Childcare - Weatherell,E9 7BW,Scheduled,09/02/2015,,
EH51 9AY,-3.606036,56.012964,Bo Ness Education and Family Support Service,17 Cadzow Crescent,EH51 9AY,01506 823 118,Bo'ness Education & Family Support Service,EH51 9AY,Complete,22/08/2014,,
EH7 4HX,-3.192557,55.96353,Barnardos,17 Claremont Crescent,EH7 4HX,1315564583,16+ Edinburgh,EH7 4HX,Complete,21/08/2014,,
EH7 4HX,-3.192557,55.96353,Barnardos,17 Claremont Crescent,EH7 4HX,1315564583,Barnardo's Works Edinburgh,EH7 4HX,Complete,21/08/2014,,
EX20 1PW,-3.999866,50.736588,Okehampton Area Childrens Centre,Okehampton Community College,EX20 1PW,01837 658621,Okehampton Children's Centre - Mill Rd,EX20 1PW,Complete,30/09/2014,,
EX20 3HB,-4.074839,50.819261,The Hatherleigh Community Centre,Bowling Green Lane,EX20 3HB,01837 811190,Hatherleigh Children's Centre,EX20 3HB,Complete,01/10/2014,,
FK1 4RE,-3.827638,55.998133,Barnardo'S Axis Service Falkirk,Watling Lodge,FK1 4RE,01324 718 277,Axis Service Falkirk,FK1 4RE,Complete,02/09/2014,,
FK1 4RE,-3.827638,55.998133,Barnardo's Axis Service Falkirk,Watling Lodge,FK1 4RE,01324 718 277,Cluaran Project,FK1 4RE,Complete,02/09/2014,,
FK2 0AB,-3.732619,55.9836,Youth Work Service,HMYOI POLMONT Activities 2,FK2 0AB,01324 722310,"Outside In at HMYOI Polmont
(SELF INSTALL - NO KELWAY ENGINEERS)",FK2 0AB,Complete,04/09/2014,,
FK3 9DL,-3.71269,56.01372,Barnardo's Oxgang Family Support Service,Oxgang School and Support Services,FK3 9DL,01324 501311,Oxgang Family Support Service,FK3 9DL,Complete,04/09/2014,,
FK7 0BB,-3.933547,56.103861,Barnardos Braehead House,14 Calton Crescent,FK7 0BB,01786 450963,Matrix Project,FK7 0BB,Complete,03/09/2014,,
FK7 0BB,-3.933547,56.103861,Barnardos Braehead House,14 Calton Crescent,FK7 0BB,01786 450 963,Stirling and Clackmannanshire Services,FK7 0BB,Complete,03/09/2014,,
FY2 0JW,-3.021311,53.852661,c/o Barnardo's Suite 12,Blackpool Technology Management and Innovation Centre,FY2 0JW,01253 595224,Blackpool and North Lancashire Project,FY2 0JW,Complete,10/12/2014,,
G1 3LN,-4.256198,55.860221,91 Mitchell Street,,G1 3LN,0141 243 2393,PACE,G1 3LN,Complete,11/09/2014,,
G3 8JU,-4.280318,55.862212,Barnardos Suite 5/3,Skypark SP5,G3 8JU,0141 248 7530,CHIP - Childrens Inclusion Project,G3 8JU,Complete,09/09/2014,,
G3 8JU,-4.280318,55.862212,Barnardos Suite 5/3,Skypark SP5,G3 8JU,0141 222 4700,Glasgow Office (Skypark),G3 8JU,Complete,09/09/2014,,
G3 8JU,-4.280318,55.862212,Barnardos Suite 5/3,Skypark SP5,G3 8JU,0141 222 4700,Scotland Adoption Support Service,G3 8JU,Complete,09/09/2014,,
G34 9HJ,-4.116813,55.86801,Westwood Business Centre,Aberdalgie Road,G34 9HJ,0141 773 4297,Youth Involvement Project,G34 9HJ,Complete,11/09/2014,,
G4 9JT,-4.261151,55.869001,38-40 New City Road,,G4 9JT,0141 332 8580,16+ Glasgow,G4 9JT,Complete,05/09/2014,,
G42 7JG,-4.260849,55.839851,70 Coplaw Street,Govanhill,G42 7JG,0141 423 9225,APNA,G42 7JG,Complete,04/09/2014,,
G51 1DH,-4.296539,55.853831,Barnardos Unit G/1,Festival Business Centre,G51 1DH,0141 427 3690,Barnardo's Scotland Fostering - Glasgow,G51 1DH,Complete,08/09/2014,,
GL1 5JA,-2.248957,51.849549,The Lighthouse Childrens Centre,Linden Road,GL1 5JA,01452 872290,The LightHouse,GL1 5JA,Complete,18/09/2014,,
GL14 2QA,-2.491601,51.825309,Barnardo's,Hilltop Children's Centre,GL14 2QA,01594 827595,Hilltop,GL14 2QA,Complete,10/09/2014,,
GL15 5AU,-2.517542,51.726386,Naas Lane,,GL15 5AU,01594 842589,River Children's Centre,GL15 5AU,Complete,10/09/2014,,
GL16 8DU,-2.622451,51.794821,In the grounds of St. Johns School,Bowens Hill Road,GL16 8DU,01594 837927,The Family Tree Children’s Centre Cluster - Coleford,GL16 8DU,Complete,10/09/2014,,
GL17 0HN,-2.488955,51.865007,Gloucestershire County Council,Library,GL17 0HN,01594 542182,The Family Tree Children’s Centre Cluster - Mitcheldean,GL17 0HN,Complete,11/09/2014,,
GL18 1QT,-2.414043,51.932474,Barnardo's,The Family Tree Children's Centre,GL18 1QT,01531 822745,The Family Tree Children’s Centre Cluster - Newent,GL18 1QT,Complete,11/09/2014,,
GL2 2AR,-2.269347,51.823997,The Beacon Childrens Centre,Valley Gardens Kingsway,GL2 2AR,01452 526856,The Oaks - Beacon,GL2 2AR,Complete,11/09/2014,,
GL2 4PE,-2.277649,51.826774,Bristol Road,Quedgeley,GL2 4PE,01452 526856,The Oaks - Quedgeley Library,GL2 4PE,Complete,11/09/2014,,
GL2 8EY,-2.271358,51.892944,Unit 10,Steadings Business Centre,GL2 8EY,01452 526693,Gloucestershire GIVAS,GL2 8EY,Complete,11/09/2014,,
GL2 8EY,-2.271358,51.892944,The Steadings Business Centre Unit 23,Maisemore Court,GL2 8EY,01452 526693,Gloucestershire PSA,GL2 8EY,Complete,16/09/2014,,
GL20 5HU,-2.155579,51.983619,Noah's Ark Children's Centre,York Road,GL20 5HU,01674 276361,Noah's Ark Children's Centre Main Office,GL20 5HU,Complete,15/09/2014,,
GL20 5RQ,-2.152848,51.99389,Barnardo's,Noah's Ark Children's Centre,GL20 5RQ,01684 294174/276361,Noah's Ark Children's Centre - Chance Street,GL20 5RQ,Complete,17/09/2014,,
GL20 8PT,-2.11186,52.003638,Northway/Ashchurch Children's Centre,Virginia Road,GL20 8PT,01684 275826/276361,Northway and Ashchurch Children's Centre,GL20 8PT,Complete,17/09/2014,,
GL3 2AG,-2.179955,51.885819,Churchdown Parton Manor Infant School,Craven Drive,GL3 2AG,01452 863816,Jigsaw Children's Centre (Churchdown),GL3 2AG,Complete,12/09/2014,,
GL3 4JL,-2.155687,51.846779,Brockworth Children's Centre,Moorfield Road,GL3 4JL,01452 863816,Brockworth Children's Centre,GL3 4JL,Complete,12/09/2014,,
GL4 0RN,-2.26007,51.835643,The Oaks Childrens Centre,Holmleigh Road,GL4 0RN,01452 526856,The Oaks,GL4 0RN,Complete,15/09/2014,,
GL4 4NA,-2.216119,51.852761,Coney Hill Community Primary School,Coney Hill Road,GL4 4NA,01452 522738,Compass,GL4 4NA,Complete,12/09/2014,,
GL4 6BE,-2.215974,51.837612,The Link Childrens Centre,Matson Avenue,GL4 6BE,01452 560451,The Link Children's Centre,GL4 6BE,Complete,16/09/2014,,
GL52 8NN,-2.059487,51.946648,Bishops Cleeve Children's Centre,Bishops Cleeve Library Tobyfield Road,GL52 8NN,01242 603602,Bishops Cleve,GL52 8NN,Complete,17/09/2014,,
GL54 5PZ,-1.967329,51.954669,Winchcombe Library,Back Lane,GL54 5PZ,01242 603602,Bishops Cleve - Winchcombe Library,GL54 5PZ,Complete,17/09/2014,,
HG4 3HN,-1.533096,54.152365,Spring Hill School,Palace Road,HG4 3HN,1765603320,Spring Hill School,HG4 3HN,Complete,13/10/2014,,
HG5 9AY,-1.478504,54.01143,Unit 4,Innovation Centre,HG5 9AY,01423 799066/7,Yorkshire Disability Inclusion Service,HG5 9AY,Complete,31/10/2014,,
HG5 9AY,-1.478504,54.01143,Unit 4,Innovation Centre,HG5 9AY,01423 799066/7,Youth Base/Flying High,HG5 9AY,Complete,31/10/2014,,
HP14 3TQ,-0.899488,51.663976,Stokenchurch Children's Centre,Betty Messenger Building,HP14 3TQ,01494 483140,Childrens Centres in Buckinghamshire - Stokenchurch,HP14 3TQ,Complete,16/09/2014,,
HP14 4BF,-0.821072,51.674796,The Clare Foundation,Wycombe Road,HP14 4BF,01494 568955,Support 4 Parents,HP14 4BF,Complete,12/09/2014,,
HP15 7UW,-0.711007,51.650046,Hazlemere & Loudwater Children's Centre,Highfield Way,HP15 7UW,01494 813762,Childrens Centres in Buckinghamshire - Hazlemere,HP15 7UW,Complete,16/09/2014,,
HP16 0JH,-0.740149,51.684396,Prestwood & Missenden Childrens Centre,Prestwood Church Hall,HP16 0JH,01494 866181,Childrens Centres in Buckinghamshire - Prestwood,HP16 0JH,Complete,10/09/2014,,
HP18 0LX,-0.921776,51.848615,Waddesdon & Whitchurch Children's Centre,Waddesdon Football Pavilion,HP18 0LX,01296 655218,Childrens Centres in Buckinghamshire - Waddesdon,HP18 0LX,Complete,15/09/2014,,
HP22 6HF,-0.740912,51.766371,Wendover Childrens Centre,Wharf Road,HP22 6HF,01296 621143,Childrens Centres in Buckinghamshire - Wendover,HP22 6HF,Complete,15/09/2014,,
HP27 9HY,-0.82973,51.728823,Risborough Children's Centre,Wellington Avenue,HP27 9HY,01844 347934,Childrens Centres in Buckinghamshire - Princes Risborough,HP27 9HY,Complete,10/09/2014,,
HP6 5RW,-0.654527,51.693697,School House,Hyde Heath,HP6 5RW,01494 773068,Childrens Centres in Buckinghamshire - Main Hub,HP6 5RW,Complete,10/09/2014,,
HP6 6PF,-0.570841,51.672576,Amersham Children's Centre,Bell Lane,HP6 6PF,01494 764258,Childrens Centres in Buckinghamshire - Amersham,HP6 6PF,Complete,11/09/2014,,
HP9 1RJ,-0.668447,51.603371,Beaconsfield Children's Centre,Off Holtspur Way,HP9 1RJ,01494 678244,Childrens Centres in Buckinghamshire - Holtspur,HP9 1RJ,Complete,15/09/2014,,
HU17 7GA,-0.527505,53.904688,Barnardos Unit 5,Village Farm Business Centre East Street,HU17 7GA,01430 810139,DSI (Comm.Supp.For Disabled Children),HU17 7GA,Complete,03/11/2014,,
HU17 7GA,-0.527505,53.904688,Barnardos Unit 5,Village Farm Business Centre East Street,HU17 7GA,01430 810139,East Yorkshire Reg Office (sub),HU17 7GA,Complete,03/11/2014,,
HU17 7GA,-0.527505,53.904688,Barnardos Unit 5,Village Farm Business Centre East Street,HU17 7GA,01430 810139,Hull Young Carers and Sibling Support,HU17 7GA,Complete,03/11/2014,,
HX5 0DF,-1.838104,53.684861,Cornerstone Service,Coronation street,HX5 0DF,01422 371993,Calderdale Early Intervention Service,HX5 0DF,Complete,07/11/2014,,
IG1 4RU,0.069986,51.564299,13 Granville Road,,IG1 4RU,020 8554 2888,Havering Young Carers,IG1 4RU,Scheduled,09/02/2015,,
IG1 4RU,0.069986,51.564299,13 Granville Road,,IG1 4RU,020 8554 2888,Indigo Project,IG1 4RU,Scheduled,09/02/2015,,
IG1 4RU,0.069986,51.564299,13 Granville Road,,IG1 4RU,020 8554 2888,IndigoBridge Project,IG1 4RU,Scheduled,09/02/2015,,
IG6 1QG,0.083692,51.587618,Barnardos Head Office,Tanners Lane,IG6 1QG,7903965457,Ground Floor West,IG6 1QG,Scheduled,02/02/2015,,
IV3 5NS,-4.231313,57.474894,14 Ardross Street,,IV3 5NS,01463 715178,Barnardo's Works Highlands and Islands,IV3 5NS,Complete,01/10/2014,,
KA1 2AB,-4.500241,55.609379,Barnardos,3 Grange Place,KA1 2AB,01563 530646,East Ayrshire Families Service,KA1 2AB,Complete,18/09/2014,,
KA13 6EU,-4.698202,55.648102,Barnardos North Ayrshire Families Service,2a Nethermains Road,KA13 6EU,01294 550400,North Ayrshire Families Service,KA13 6EU,Complete,17/09/2014,,
KA8 8HH,-4.624779,55.470254,Barnardos,62 Viewfield Road,KA8 8HH,01292 610479,SHINE - Womens Mentoring Service (Ayr),KA8 8HH,Complete,18/09/2014,,
KA8 8HH,-4.624779,55.470254,Barnardos,62 Viewfield Road,KA8 8HH,01292 610479,South Ayrshire Families,KA8 8HH,Complete,18/09/2014,,
KY1 1TE,-3.16464,56.098467,Barnardos,Bridge Street,KY1 1TE,01592 265294,Barnardo's Child and Family Support Service (Fife),KY1 1TE,Complete,02/10/2014,,
L1 4DE,-2.977932,53.40184,Barnardos,24 Colquitt Street,L1 4DE,0151 708 7323,Action with Young Carers Liverpool and Wirral,L1 4DE,Scheduled,28/01/2015,,
L1 4DE,-2.977932,53.40184,Barnardos,24 Colquitt Street,L1 4DE,0151 708 7323,A Chance to Work,L1 4DE,Scheduled,28/01/2015,,
L12 1LU,-2.905558,53.428227,Barnardos,109 Eaton Road,L12 1LU,0151 228 4455,Tenancy Advice Support Service,L12 1LU,Complete,10/12/2014,,
L25 2UD,-2.863945,53.388939,Barnardos,7 Lineside Close,L25 2UD,0151 488 1100,Barnardo's North West Fostering Service,L25 2UD,Complete,01/12/2014,,
L25 2UD,-2.863945,53.388939,Barnardo's,7 Lineside Close,L25 2UD,0845 894 3448,Barnardo's Training and Consultancy (BTC) 2,L25 2UD,Complete,01/12/2014,,
L25 2UD,-2.863945,53.388939,Barnardos,7 Lineside Close,L25 2UD,0151 488 1100,North West Regional Office,L25 2UD,Complete,01/12/2014,,
L25 2UD,-2.863945,53.388939,Barnardo's,7 Lineside Close,L25 2UD,0845 894 3448,Recruitment Centre,L25 2UD,Complete,01/12/2014,,
L25 2UD,-2.863945,53.388939,5 Lineside Close,,L25 2UD,0845 8949509,Safer Futures,L25 2UD,Complete,01/12/2014,,
LA23 2JX,-2.913422,54.37026,Barnardo's South Lakeland,Lakes Sure Start Children's Centre,LA23 2JX,015394 88035,Lakes Sure Start Children's Centre,LA23 2JX,Complete,03/12/2014,,
LA7 7QF,-2.77063,54.224958,West South Lakeland Sure Start Children's Centre,Milnthorpe Children's Centre,LA7 7QF,0845 543 6918,South Lakeland Service - Milnthorpe CC,LA7 7QF,Complete,02/12/2014,,
LA9 6LP,-2.727473,54.330676,42a Grasmere Crescent,,LA9 6LP,01228 888470,Kendal East Children's Centre,LA9 6LP,Complete,02/12/2014,,
LE19 4SD,-1.210575,52.596845,Barnardos West Point,Feldspar Close,LE19 4SD,0116 2867182,Carefree Young Carers Project,LE19 4SD,Complete,23/09/2014,,
LE19 4SD,-1.210575,52.596845,Barnardos West Point,Feldspar Close,LE19 4SD,0116 2867182,East Midlands Sub-Office,LE19 4SD,Complete,23/09/2014,,
LL11 1BU,-2.996916,53.048632,Barnardos Compass Partnership,Bryn Hyfryd,LL11 1BU,01978 315130,Compass Project,LL11 1BU,Complete,26/11/2014,,
LL16 3TL,-3.422035,53.183928,Panton House,Denbigh,LL16 3TL,01745 817216,Cyfle Panton House,LL16 3TL,Complete,27/11/2014,,
LL29 8NB,-3.72954,53.296657,Barnardos,21 Wynnstay Road,LL29 8NB,01492 532390,BCAFS North,LL29 8NB,Complete,24/11/2014,,
LL41 3UA,-3.935945,52.99361,Caban Bach,Rhes Meirion,LL41 3UA,1766832561,Caban Bach,LL41 3UA,Complete,01/12/2014,,
LL77 7LP,-4.295292,53.259064,Canolfan Plant,Ffordd y Coleg,LL77 7LP,01248 751194,Rural Family Service,LL77 7LP,Complete,03/12/2014,,
LN2 5RY,-0.527393,53.234094,Barnardos BEET Service,Rear Annexe Lindum House,LN2 5RY,01522 575955,Lincolnshire Leaving Care West,LN2 5RY,Complete,19/11/2014,,
LS10 2JA,-1.535638,53.779058,The Courtyard,Unit 1 110-118 Church Street,LS10 2JA,0113 2720832,Leeds Short Breaks,LS10 2JA,Complete,06/11/2014,,
LS10 2JA,-1.535638,53.779058,The Courtyard Unit 1,110-118 Church Street,LS10 2JA,0113 2720832,Wakefield Getting Started,LS10 2JA,Complete,06/11/2014,,
LS18 4LB,-1.63876,53.8313,Leeds Childrens Rights Low Wood,Clarence Road,LS18 4LB,0113 2395589,Leeds Children's Rights Service,LS18 4LB,Complete,21/10/2014,,
LS18 4LB,-1.63876,53.8313,Barnardos Four Gables,Clarence Road,LS18 4LB,0113 393 3200,Leeds Safer Families (Low Wood),LS18 4LB,Complete,21/10/2014,,
LS18 4LB,-1.63876,53.8313,Barnardos Four Gables,Clarence Road,LS18 4LB,0113 393 3200,Leeds Support Office,LS18 4LB,Complete,21/10/2014,,
LS18 4LB,-1.63876,53.8313,Barnardos Four Gables,Clarence Road,LS18 4LB,0113 393 3200,Yorkshire RO - Low Wood,LS18 4LB,Complete,21/10/2014,,
LS18 4LB,-1.63876,53.8313,Barnardos Four Gables,Clarence Road,LS18 4LB,0113 393 3200,Yorkshire Work Programme,LS18 4LB,Complete,21/10/2014,,
LS6 3JZ,-1.58588,53.820973,Barnardos,2 Rokeby Gardens,LS6 3JZ,0113 2757314,Futures,LS6 3JZ,Complete,22/10/2014,,
LS7 3HZ,-1.535724,53.812592,Barnardos Willow Young Carers Service,Host Media Centre,LS7 3HZ,0113 2622851,Willow Young Carers,LS7 3HZ,Complete,23/10/2014,,
LU7 0NY,-0.720838,51.894544,Wing Children's Centre,Overstone Combined School,LU7 0NY,01296 681163,Childrens Centres in Buckinghamshire - Wing and Leighton Buz,LU7 0NY,Complete,16/09/2014,,
LU7 9EX,-0.632647,51.835809,Ivinghoe & Pitstone Children's Centre,High Street,LU7 9EX,01296 662363,Childrens Centres in Buckinghamshire - Ivinghoe and Pitstone,LU7 9EX,Complete,17/09/2014,,
M14 4LT,-2.237351,53.45706,Barnardos,36 Monton Street,M14 4LT,,The Curve,M14 4LT,Complete,11/12/2014,,
M15 6NP,-2.241562,53.461312,Protect Service,Greenheys Police Station,M15 6NP,0161 226 3060,Protect Team CSE,M15 6NP,Scheduled,19/01/2015,,
M22 1NW,-2.263742,53.370616,Woodhouse Park Sure Start,Dinmor Road,M22 1NW,1614990525,Woodhouse Park Sure Start Children's Centre,M22 1NW,Scheduled,23/01/2015,,
M22 4PZ,-2.258242,53.390627,Barnardos,22 Lyndene Road,M22 4PZ,1619987280,Benchill Sure Start Children's Centre,M22 4PZ,Scheduled,26/01/2015,,
M6 8AL,-2.318634,53.489778,222 Eccles Old Road,,M6 8AL,0845 8949509,REACH,M6 8AL,Scheduled,27/01/2015,,
M6 8AL,-2.318634,53.489778,222 Eccles Old Road,,M6 8AL,0161 786 1459,Safer Futures Manchester,M6 8AL,Scheduled,27/01/2015,,
M6 8AL,-2.318634,53.489778,222 Eccles Old Road,,M6 8AL,0845 8949509,Safer Futures SATAS (2),M6 8AL,Scheduled,27/01/2015,,
M6 8AL,-2.318634,53.489778,222 Eccles Old Road,,M6 8AL,0161 786 1459,Salford Next Step,M6 8AL,Scheduled,27/01/2015,,
ML1 3HU,-3.995231,55.790678,Barnardo's Axis Lanarkshire Suite T,Town Hall Business Centre 1-11,ML1 3HU,01698 252800,Axis Lanarkshire,ML1 3HU,Complete,12/09/2014,,
ML1 3HU,-3.995231,55.790678,Barnardos Family Support Services,1-11 High Road,ML1 3HU,01698 261298,CHOSI 8 2 12 Service,ML1 3HU,Complete,12/09/2014,,
ML1 3HU,-3.995231,55.790678,,,ML1 3HU,,Family Support Service (North Lanarkshire),ML1 3HU,Complete,12/09/2014,,
ML1 3HU,-3.995231,55.790678,,,ML1 3HU,,Lanarkshire Attachment and Nurture Service,ML1 3HU,Complete,12/09/2014,,
ML1 3HU,-3.995231,55.790678,Barnardos Suite V,Town Hall Business Centre 1-11,ML1 3HU,01698 254951,North Lanarkshire Housing Support Service,ML1 3HU,Complete,12/09/2014,,
N7 8QJ,-0.111285,51.550523,4a Chillingworth Road,,N7 8QJ,0207 700 2253,Pan London Sexual Exploitation and Missing Service,N7 8QJ,Scheduled,09/02/2015,,
NE12 9SZ,-1.543462,55.020491,Unit 27 North Tyne Industrial Estate,Whitley Road,NE12 9SZ,1912701133,Palmersville,NE12 9SZ,Complete,13/10/2014,,
NE2 2AN,-1.604305,54.99166,Barnardos,75 Osborne Road,NE2 2AN,0119 2120237,Orchard and Mosaic,NE2 2AN,Complete,22/10/2014,,
NE24 1EB,-1.512591,55.127199,Barnardo's Young Peoples Project in Northumberland,The Point,NE24 1EB,01670 797800,Young Peoples Project in Northumberland,NE24 1EB,Complete,17/10/2014,,
NE24 5AQ,-1.537614,55.124996,Blyth West Childrens Centre,Devonworth Place,NE24 5AQ,01670 541150,Blyth West Children's Centre,NE24 5AQ,Complete,30/10/2014,,
NE26 2AJ,-1.440624,55.043138,The BASE Young Peoples Centre,26 Esplanade,NE26 2AJ,0191 253 2127,The Base,NE26 2AJ,Complete,21/10/2014,,
NE33 1BB,-1.435955,54.99673,5-6 Cornwallis street,,NE33 1BB,0191 4974600,Network Service,NE33 1BB,Complete,13/11/2014,,
NE33 4BA,-1.430325,54.985884,Street Level Family Services,Stanhope Parade,NE33 4BA,0191 4553027,Network and HIV Service,NE33 4BA,Complete,05/11/2014,,
NE37 2SH,-1.511366,54.908657,Barnardos Sungate Parenting Service,3 Cuthbert House,NE37 2SH,0191 4179329,Sungate Parenting Service,NE37 2SH,Complete,31/10/2014,,
NE46 3PT,-2.102995,54.973038,Flat 4,Links House,NE46 3PT,01434 601 5523,The Links,NE46 3PT,Complete,12/11/2014,,
NE6 2FF,-1.57732,54.971764,Byker Sands,19 Raby Cross,NE6 2FF,0191 275 9636,Sure Start East Children's Centres,NE6 2FF,Complete,20/10/2014,,
NE8 4DP,-1.601872,54.956417,Barnardo's,20 Bewick Road,NE8 4DP,1914784667,Barnardo's DAIS Service,NE8 4DP,Complete,05/11/2014,,
NG34 7SD,-0.409808,52.9996,11-19 Targeted Support,The sessions House,NG34 7SD,01529 308722,Lincolnshire Leaving Care South,NG34 7SD,Complete,17/11/2014,,
NP11 6AW,-3.097827,51.60466,Barnardo's,59 Commercial Street,NP11 6AW,01633 612712,Caerphilly Services,NP11 6AW,Complete,07/11/2014,,
NP11 6BH,-3.095251,51.605628,Risca Family Centre,Brookland Road,NP11 6BH,01633 615859,Caerphilly Family Support,NP11 6BH,Complete,10/11/2014,,
NP20 2AF,-2.988814,51.582422,114 Lower Dock Street,,NP20 2AF,01633 264463,Newport Services,NP20 2AF,Complete,12/11/2014,,
NP23 6EY,-3.20834,51.783533,Blaenau Gwent Social Services,7 Bridge Street,NP23 6EY,01495 307950,Blaenau Gwent Service,NP23 6EY,Complete,18/11/2014,,
NW10 3UN,-0.2407,51.53885,The Freeman Family Centre,57 Longstone Avenue,NW10 3UN,0208 965-3977,The Freeman Centre,NW10 3UN,Scheduled,09/02/2015,,
OL1 2HF,-2.119889,53.549754,Barnardos,294-296 Rochdale Road,OL1 2HF,0161 628 6630,Asha Project,OL1 2HF,Scheduled,20/01/2015,,
OL11 4HR,-2.163845,53.613743,Gabriel Court,24 Manchester Road,OL11 4HR,01706 522911,Rochdale Young Parents,OL11 4HR,Scheduled,19/01/2015,,
OL16 2UP,-2.139599,53.622636,Barnardos,Unique Mill Enterprise Centre,OL16 2UP,01706 515717,Rochdale Project,OL16 2UP,Scheduled,19/01/2015,,
OL8 3HH,-2.126774,53.51533,Hollinwood Childrens Centre St. Chads Centre,Lime Green Parade,OL8 3HH,0161 633 8417,Hollinwood Children's Centre (Nursery),OL8 3HH,Scheduled,19/01/2015,,
OX14 1JA,-1.287589,51.675575,Summerfield,10 Wootton Road,OX14 1JA,01235 521363,Summerfield Resource Centre,OX14 1JA,Complete,04/09/2014,,
OX26 5DX,-1.112136,51.90078,2 Grange Mews,Station Road,OX26 5DX,01869 252905,Barnardo's Community Short Breaks,OX26 5DX,Complete,26/09/2014,,
OX3 9DD,-1.220987,51.767682,Viking House,45-47 Saxon Way Northway Estate,OX3 9DD,01865 762506,Viking House,OX3 9DD,Complete,04/09/2014,,
PA15 1DJ,-4.753498,55.945166,Barnardos,9 Terrace Road,PA15 1DJ,01475 728493,Inverclyde Family Support Team,PA15 1DJ,Complete,15/09/2014,,
PA15 1DJ,-4.753498,55.945166,Barnardos,9 Terrace Road,PA15 1DJ,01475 728493,Nurture Service,PA15 1DJ,Complete,15/09/2014,,
PA2 7RG,-4.421297,55.829409,Barnardos Threads,4 Lochfield Road,PA2 7RG,0141 884 6696,Barnardo's Threads,PA2 7RG,Complete,16/09/2014,,
PA2 7RG,-4.421297,55.829409,Barnardo's Threads,4 Lochfield Road,PA2 7RG,0141 884 6696,Barnardo's Works Renfrewshire,PA2 7RG,Complete,16/09/2014,,
PA2 7RG,-4.421297,55.829409,Barnardos Threads,4 Lochfield Road,PA2 7RG,0141 884 6696,Renfrewshire Family Support Team,PA2 7RG,Complete,16/09/2014,,
PA2 7RG,-4.421297,55.829409,Barnardos Threads,4 Lochfield Road,PA2 7RG,0141 884 6696,Take Note,PA2 7RG,Complete,16/09/2014,,
PA2 7RG,-4.421297,55.829409,C/O Barnardo's Works Renfrewshire,12 Lochfield Road,PA2 7RG,0141 884 6252,Hear 4 U (Paisley),PA2 7RG,Complete,17/09/2014,,
PE1 5JU,-0.228512,52.579377,21 Durham Road,,PE1 5JU,,Peterborough East Children's Centre,PE1 5JU,Complete,02/09/2014,,
PH1 3BD,-3.448139,56.412597,Almondbank House,Lewis Place,PH1 3BD,01738 472270,Hopscotch Perth and Kinross,PH1 3BD,Complete,19/09/2014,,
PL15 8QE,-4.422476,50.622985,Trethorne Business Park,Kennards House,PL15 8QE,01566 86873,CIVAS (Cornwall Independent Visitor & Advocacy Service),PL15 8QE,Complete,23/09/2014,,
PL19 9FD,-4.145905,50.5458,Barnardos,Tavistock Area Children's Centre,PL19 9FD,01822 614210,Tavistock Children's Centre,PL19 9FD,Complete,02/10/2014,,
PL3 4BB,-4.160899,50.382096,Room 112,City Business Park,PL3 4BB,01752 564572,Barnardo's Works in Plymouth,PL3 4BB,Complete,26/09/2014,,
PO1 2DP,-1.089591,50.797062,Navigators Resource Centre,36-40 Isambard Brunel Road,PO1 2DP,,Portsmouth Family Intervention Project,PO1 2DP,Complete,17/07/2014,,
PR1 8BQ,-2.704415,53.757023,Urban Exchange,Theatre Street,PR1 8BQ,01772 255304,Talk Counselling Service,PR1 8BQ,Scheduled,26/01/2015,,
PR2 8JF,-2.714605,53.777465,c/o Barnardo's Moving On,Derby House,PR2 8JF,01772 788993,Homelessness - Moving On,PR2 8JF,Scheduled,20/01/2015,,
PR2 8JF,-2.714605,53.777465,c/o Barnardo's Moving On,Derby House,PR2 8JF,01772 788993,Lancashire Edge of Care,PR2 8JF,Scheduled,20/01/2015,,
PR25 2YA,-2.691075,53.695603,Bay6 Project,1 Dorothy Avenue,PR25 2YA,1772641002,Bay6,PR25 2YA,Scheduled,23/01/2015,,
PR5 5SB,-2.69533,53.728593,Barnardos,453 Leyland Road,PR5 5SB,01772 629470,Include Me 2,PR5 5SB,Scheduled,21/01/2015,,
RG2 7QA,-0.96273,51.43285,South Reading Youth & Community Centre,252/260 Northumberland Road,RG2 7QA,01189 863571 /64585,Reading Community Mums and Dads,RG2 7QA,Complete,29/08/2014,,
RG40 1TT,-0.831336,51.41597,Barnardos High Close School,High Close,RG40 1TT,0118 9785767,High Close - Acacia,RG40 1TT,Complete,27/08/2014,,
RG40 1TT,-0.831336,51.41597,Barnardos High Close School,High Close,RG40 1TT,0118 9785767,High Close - Cedars,RG40 1TT,Complete,27/08/2014,,
RG40 1TT,-0.831336,51.41597,Barnardos High Close School,High Close,RG40 1TT,0118 9785767,High Close - Laceys,RG40 1TT,Complete,27/08/2014,,
RG40 1TT,-0.831336,51.41597,Barnardos High Close School,High Close,RG40 1TT,0118 9785767,High Close - Main House,RG40 1TT,Complete,27/08/2014,,
RG40 1TT,-0.831336,51.41597,Barnardos High Close School,High Close,RG40 1TT,0118 9785767,High Close - Pinewood,RG40 1TT,Complete,27/08/2014,,
RG40 1TT,-0.831336,51.41597,Barnardos High Close School,High Close,RG40 1TT,0118 9785767,High Close - Willows,RG40 1TT,Complete,27/08/2014,,
RH10 9NE,-0.17917,51.134083,Unit 1,Satellite Business Village,RH10 9NE,01293 610660,South East Regional Office,RH10 9NE,Complete,10/04/2014,,
RH10 9NE,-0.17917,51.134083,Barnardos,Ground Floor Unit 1,RH10 9NE,01293 610 691,Sus-Sex B Safe,RH10 9NE,Complete,10/04/2014,,
S60 2AB,-1.35454,53.425919,Barnardos,10 Nightingale Court,S60 2AB,,The Junction,S60 2AB,Complete,28/10/2014,,
S71 5PN,-1.438217,53.558015,Priory Campus,Pontefract Road,S71 5PN,01226 770619,Priory Family Centre,S71 5PN,Complete,29/10/2014,,
S8 7HN,-1.486032,53.320355,Gresley Road Family Centre,Gresley Road,S8 7HN,0114 237 7465,Gresley Road Family Centre,S8 7HN,Complete,11/11/2014,,
SA1 1LG,-3.942543,51.623131,Barnardos,32-36 High Street,SA1 1LG,01792 455105,Bays Project,SA1 1LG,Complete,20/11/2014,,
SA11 1LE,-3.804422,51.65894,20 London Road,,SA11 1LE,01639 620 771,Neath Port Talbot Partnership,SA11 1LE,Complete,25/11/2014,,
SA11 1LE,-3.804422,51.65894,19-20 London Road,,SA11 1LE,01639 620 771,Seraf - London Road,SA11 1LE,Complete,25/11/2014,,
SA11 1LE,-3.804422,51.65894,19-20 London Road,,SA11 1LE,01639 620 771,South West Wales Office,SA11 1LE,Complete,25/11/2014,,
SA5 9AF,-3.957365,51.65399,Children Matter,13-15 Heol Cadifor,SA5 9AF,01792 797289,Swansea Children Matter,SA5 9AF,Complete,19/11/2014,,
SA72 6XB,-4.9453,51.692255,Pembrokeshire Family Link Service,3-5 Bush Street,SA72 6XB,01646 687064,Pembrokeshire Family Link,SA72 6XB,Complete,24/11/2014,,
SE19 3BG,-0.08663,51.4185,Heshima Family Support Centre,2 Coxwell Road,SE19 3BG,0208 771 0907,Heshima Family Support Centre,SE19 3BG,Scheduled,09/02/2015,,
SE19 3BG,-0.08663,51.4185,Heshima Family Support Centre,2 Coxwell Road,SE19 3BG,0208 771 0907,London Independent Visitors Scheme,SE19 3BG,Scheduled,09/02/2015,,
SE19 3BG,-0.08663,51.4185,C/o Heshima Family Support Centre,2 Coxwell Road,SE19 3BG,0208 771 0907,Windermere Construction,SE19 3BG,Scheduled,09/02/2015,,
SM4 6BL,-0.18336,51.387071,St Helier Community Centre,Hill House,SM4 6BL,0208 685 1979,Moving Forward,SM4 6BL,Complete,29/08/2014,,
SM4 6BL,-0.18336,51.387071,St Helier Community Association,Hill House,SM4 6BL,020 8648 3200,Sutton Short Breaks,SM4 6BL,Complete,29/08/2014,,
SM4 6BL,-0.18336,51.387071,St Helier Community Association,Hill House,SM4 6BL,020 8648 3203,West London Short Breaks,SM4 6BL,Complete,29/08/2014,,
SN11 8TG,-1.994873,51.437313,Calne Children's Centre,Priestley Primary School,SN11 8TG,01249 823247,Calne Children's Centre,SN11 8TG,Complete,30/09/2014,,
SN13 0EG,-2.189907,51.436781,Corsham Children's Centre,Kings Avenue,SN13 0EG,01249 716254,Corsham Children's Centre,SN13 0EG,Complete,30/09/2014,,
SN14 0JE,-2.132392,51.4621,Redland,Brook St,SN14 0JE,01249 463907,Jigsaw (Wiltshire),SN14 0JE,Complete,29/09/2014,,
SN14 0JE,-2.132392,51.4621,Barnardo's,Brook Street,SN14 0JE,01249 463907,Redland Children’s Centre and Nursery,SN14 0JE,Complete,29/09/2014,,
SN14 0JE,-2.132392,51.4621,Redland Nursery,Brook Street,SN14 0JE,01249 463907,Wiltshire Short Breaks,SN14 0JE,Complete,29/09/2014,,
SO30 4QU,-1.304321,50.913313,Post Office Chambers,St. Johns Centre,SO30 4QU,01489 796684,Transform Lot C,SO30 4QU,Complete,15/07/2014,,
SO30 4QU,-1.304321,50.913313,Post Office Chambers,St. Johns Centre,SO30 4QU,01489 796684,U - Turn,SO30 4QU,Complete,15/07/2014,,
SP10 1NS,-1.475293,51.218188,Unit 5,Westmarch Business Centre,SP10 1NS,01264 356063,PHASE 2 - Pompey and Hants and Saints Engagement Service,SP10 1NS,Complete,07/10/2014,,
SS13 1QX,0.508926,51.582236,Davenants,,SS13 1QX,,Northlands Park Children Centre (BAS7),SS13 1QX,Complete,09/09/2014,,
SS15 5NX,0.430656,51.575961,The James Hornby High School,Leinster Road,SS15 5NX,01268 418 523,All About Childrens Centre (BAS10),SS15 5NX,Complete,05/09/2014,,
SS16 4NF,0.48679,51.561492,27 Riverview Court,Vange,SS16 4NF,01268 581 478,Kaleidoscope Childrens Centre (BAS8),SS16 4NF,Complete,08/09/2014,,
TA2 8QN,-3.054778,51.042835,Barnardos,Unit 2 Prockters Farm Offices,TA2 8QN,01823 413688,Barnardo's Works SW,TA2 8QN,Complete,08/10/2014,,
TA2 8QN,-3.054778,51.042835,Barnardos,Unit 2 Prockters Farm Offices,TA2 8QN,01823 413688,Mandala Therapy,TA2 8QN,Complete,08/10/2014,,
TA2 8QN,-3.054778,51.042835,Barnardo's,Unit 2 Prockter's Farm Offices,TA2 8QN,01823 413688,Somerset Family Link,TA2 8QN,Complete,08/10/2014,,
TA2 8QN,-3.054778,51.042835,Barnardo's Play and Participation,Unit 2 Prockters Farm Offices,TA2 8QN,07584 347291,Somerset Play and Participation,TA2 8QN,Complete,08/10/2014,,
TN2 3ND,0.284863,51.136306,Barnardos,Ravensdale Day Care Centre,TN2 3ND,01892 543062,Ravensdale Project,TN2 3ND,Complete,18/09/2014,,
TN2 3QJ,0.284487,51.135935,The Lodge (Ravensdale),Pembury Road,TN2 3QJ,01892 511468,Chilston Service,TN2 3QJ,Complete,19/09/2014,,
TN4 0PL,0.259836,51.154815,Barnardos,128- 130 London Road,TN4 0PL,1892510650,Barnardo's Fostering South East,TN4 0PL,Complete,18/09/2014,,
TN4 0QB,0.255989,51.161536,Meadows School,20  22 London Road,TN4 0QB,01892 529144,Meadows 16+,TN4 0QB,Complete,01/08/2014,,
TN4 0RJ,0.253622,51.164351,Meadows School,London Road,TN4 0RJ,01892 529144,Meadows School,TN4 0RJ,Complete,31/07/2014,,
TN4 0RJ,0.253622,51.164351,The Sunrise Children's Centre,London Road,TN4 0RJ,01892 528835,Sunrise Childrens Centre,TN4 0RJ,Complete,31/07/2014,,
TS18 3NJ,-1.32184,54.560131,Catalyst Building,27 Yarm Road,TS18 3NJ,01642 604593,Barnardo's ACE Project,TS18 3NJ,Complete,12/11/2014,,
TS5 5BA,-1.251067,54.563219,S E C O S,East West Centre,TS5 5BA,01642 819743,SECOS Project,TS5 5BA,Complete,07/11/2014,,
TS7 9LF,-1.175287,54.550225,Bridgeway Project,Allendale Road,TS7 9LF,01642 300774,Bridgeway,TS7 9LF,Complete,03/11/2014,,
TW9 2TE,-0.300429,51.466711,Room 161 Block D,Richmond Royal Hospital,TW9 2TE,0208 948 5132,Pan London Sexual Exploitation and Missing Service,TW9 2TE,Scheduled,17/02/2015,,
UB9 5JL,-0.504397,51.583564,Denham & Gerrards Cross Children's Centre,Nightingale Way,UB9 5JL,01895 835967,Childrens Centres in Buckinghamshire,UB9 5JL,Complete,17/09/2014,,
WA8 7QE,-2.732959,53.363254,CRMZ,Kingsway,WA8 7QE,0151 257 2520,Go4ward/Hear4u,WA8 7QE,Complete,10/12/2014,,
WA8 7QE,-2.732959,53.363254,CRMZ,Kingsway,WA8 7QE,0151 257 2520,Missing From Home,WA8 7QE,Complete,10/12/2014,,
WA8 7QE,-2.732959,53.363254,CRMZ,Kingsway,WA8 7QE,0151 257 2520,NW Emotional Health and Wellbeing Services,WA8 7QE,Complete,10/12/2014,,
WF10 4JH,-1.343121,53.724921,Barnardo's Wakefield CAPS,Castleford Civic Centre,WF10 4JH,01977 552493,Wakefield CAPS (Children's Advocacy and Participation Service),WF10 4JH,Complete,20/10/2014,,
WF10 4JH,-1.343121,53.724921,Barnardo's Wakefield CAPS,Civic Centre,WF10 4JH,01977 552493,Wakefield District Young Carers,WF10 4JH,Complete,20/10/2014,,
WF10 4JH,-1.343121,53.724921,Barnardo's Wakefield CAPS,Civic Centre,WF10 4JH,01977 552493,Young Families Wakefield,WF10 4JH,Complete,20/10/2014,,
WN1 1JL,-2.632897,53.54777,35 Market Street,,WN1 1JL,01942 483200,Wigan TSHIS,WN1 1JL,Scheduled,21/01/2015,,
WN1 1JL,-2.632897,53.54777,35 Market Street,,WN1 1JL,01942 483200,Wigan Autism Spectrum Condition Service,WN1 1JL,Scheduled,21/01/2015,,
WN3 5BA,-2.635736,53.539773,Wigan Investment Centre,Waterside Drive,WN3 5BA,01942 245877,Wigan IDVA Service,WN3 5BA,Scheduled,27/01/2015,,
YO23 3FT,-1.184137,53.925909,Askham Grange Prison,Main Street,YO23 3FT,01904 772078,Acorn Family Centre,YO23 3FT,Complete,10/11/2014,,
